id,x,y,z
3,2.68487,-0.143425,4.11419
38,2.68487,-0.143425,3.74716
68,2.68487,-0.143425,3.75697
359,2.68487,-0.154405,3.75697
483,2.67575,-0.154405,3.75697
499,2.67575,-0.154405,3.75222
1186,2.67575,-0.154631,3.75222
1662,2.67575,-0.155765,3.75222
2165,2.68319,-0.155765,3.75222
3890,2.68319,-0.158213,3.75222
7450,2.68319,-0.158213,3.75214
