id,x,y,z
3,3.18832,2.94174,2.17504
30,3.44236,2.94174,2.17504
38,3.53638,2.94174,2.17504
40,3.53638,2.94174,2.31218
108,3.50004,2.94174,2.31218
131,3.46576,2.94174,2.31218
248,3.46576,2.94174,2.27797
259,3.49882,2.94174,2.27797
278,3.49882,2.94174,2.28025
566,3.50064,2.94174,2.28025
952,3.50064,2.94049,2.28025
2654,3.50064,2.94155,2.28025
3506,3.50064,2.94149,2.28025
5105,3.50064,2.94149,2.2807
10468,3.50064,2.94118,2.2807
17697,3.50065,2.94118,2.2807
